{
    "tips": [
        {
            "idx": 0,
            "name": "文档中心",
            "icon": "<i class=\"fas fa-info-circle\"></i>",
            "url": "http://ksria.com/simpread/docs"
        },
        {
            "idx": 1,
            "name": "新手入门可以看这篇文章",
            "icon": "<i class=\"fas fa-file-word\"></i>",
            "url": "http://ksria.com/simpread/guide/"
        },
        {
            "idx": 2,
            "name": "查看当前版本新增功能",
            "icon": "<i class=\"fas fa-plus-square\"></i>",
            "url": "#"
        },
        {
            "idx": 3,
            "name": "查看当前页的功能描述",
            "icon": "<i class=\"fas fa-binoculars\"></i>",
            "url": "#"
        },
        {
            "idx": 4,
            "name": "简悦的汇总（新闻页）",
            "icon": "<i class=\"fas fa-bullhorn\"></i>",
            "url": "https://www.notion.so/simpreadpublish/c8386288be1642c6bee7a29cb46fb7a8"
        },
        {
            "idx": 5,
            "name": "请通过 Github issues 提问",
            "icon": "<i class=\"fas fa-bug\"></i>",
            "url": "https://github.com/Kenshin/simpread/issues/new"
        },
        {
            "idx": 6,
            "name": "如果简悦暂时未支持你使用的导出服务",
            "icon": "<i class=\"fas fa-file-export\"></i>",
            "url": "https://github.com/Kenshin/simpread/issues/473"
        },
        {
            "idx": 7,
            "name": "查看高级账户提示被锁或其它账户异常情况的解决办法",
            "icon": "<i class=\"fas fa-lock\"></i>",
            "url": "!!",
            "detail": {
                "target": "account",
                "idx": 2,
                "steps": [
                    {
                        "id": "",
                        "intro": "Q：为什么我的账户会被锁定？<br>A：同一账户在同一时间同时登录不同设备的方式视为：非法登录，会锁定当前账户。<br>当出现这种请试试接下来的自助解锁方案。"
                    },
                    {
                        "id": "",
                        "intro": "如果你在多于三台的浏览器同时绑定了高级账户，请 <b>取消某台设备的授权</b>"
                    },
                    {
                        "id": "",
                        "intro": "如果并未出现上述请看，可以试试以下方案：<br>1. 取消 <b>当前设备的授权</b><br>2. 重启浏览器<br>3. 重新授权 <b>恢复您的高级账户资格</b>"
                    },
                    {
                        "id": "",
                        "intro": "如果上述操作仍旧无法解决你的问题，请填写 <a href='https://wj.qq.com/s2/6361600/a19b/' target='_blank'>联络方式</a>，我会尽快联络你。"
                    }
                ]
            }
        },
        {
            "idx": 8,
            "name": "当使用简悦疑似页面变慢的处理方式",
            "icon": "<i class=\"fas fa-desktop\"></i>",
            "url": "@performance"
        },
        {
            "idx": 9,
            "name": "当阅读模式并未符合你的期望时，如何进一步优化？",
            "icon": "<i class=\"fas fa-book-open\"></i>",
            "url": "https://github.com/Kenshin/simpread/issues/522"
        }
    ]
}